id;history_alert_id;history_alert_tem_id;history_alert_type;history_alert_status;history_alert_message;history_alert_date;history_alert_retries;history_alert_timestamp;history_alert_posted_by;history_alert_posted_date;history_alert_internal_errorcode;history_alert_raw_request;history_alert_raw_response;history_alert_free_field_1;history_alert_free_field_2;history_alert_free_field_3;history_alert_free_field_4;history_alert_free_field_5;history_alert_free_field_6;history_alert_free_field_7;history_alert_free_field_8;created_at;updated_at;history_status
1;engineer Direct;up;Platinum Cambridgeshire;Credit;Designer Dynamic;2023-07-14T21:38:10;72154;2023-07-15T00:31:30;connecting;Metal;Vision-oriented;../fake-data/blob/hipster.txt;../fake-data/blob/hipster.txt;../fake-data/blob/hipster.txt;../fake-data/blob/hipster.txt;Throughway Future Usability;Avon open-source Car;Incredible Islands;Optimized compelling Coves;Computer Switchable;withdrawal Indiana;2023-07-15T04:55:23;2023-07-14T23:41:38;Gorgeous
2;Sports pricing cross-platform;silver;Buckinghamshire;connecting;Grocery;2023-07-15T04:18:19;34473;2023-07-15T15:53:15;blockchains synergistic;Kina Greenland;District Maldives COM;../fake-data/blob/hipster.txt;../fake-data/blob/hipster.txt;../fake-data/blob/hipster.txt;../fake-data/blob/hipster.txt;Facilitator Licensed index;invoice;upward-trending Electronics;enable;Account envisioneer;Public-key Engineer;2023-07-15T04:17:12;2023-07-15T10:01:12;JBOD Metal Borders
3;Buckinghamshire Soft RAM;synthesize Seychelles;multi-byte green U.S.;XSS Soap;multi-state Frozen New;2023-07-15T15:25:10;25077;2023-07-15T16:49:24;Stand-alone;Shoes Devolved;quantify;../fake-data/blob/hipster.txt;../fake-data/blob/hipster.txt;../fake-data/blob/hipster.txt;../fake-data/blob/hipster.txt;Planner payment orange;invoice navigating Franc;Avon Credit technologies;black Buckinghamshire Gorgeous;yellow SSL Money;Dynamic;2023-07-15T12:27:57;2023-07-15T14:53:06;Applications parse Island
4;functionalities International;Mount Movies Metal;Berkshire;deposit web-enabled Interactions;Public-key navigate Bedfordshire;2023-07-15T13:46:42;5276;2023-07-14T20:39:27;Soap orchid;intermediate;alarm;../fake-data/blob/hipster.txt;../fake-data/blob/hipster.txt;../fake-data/blob/hipster.txt;../fake-data/blob/hipster.txt;Dirham Uruguayo panel;value-added Health;open-source Group Soft;Bedfordshire;orchid Dinar Parks;one-to-one Keyboard transmit;2023-07-15T15:17:20;2023-07-15T13:40:22;Throughway
5;Planner white;orchid application;Centralized synergies bus;Self-enabling Direct defect;reboot transmit backing;2023-07-15T15:57:21;25705;2023-07-15T13:40:56;Practical;tangible Regional Investment;Cambridgeshire Frozen;../fake-data/blob/hipster.txt;../fake-data/blob/hipster.txt;../fake-data/blob/hipster.txt;../fake-data/blob/hipster.txt;project;Licensed Accountability;tangible Assistant Bedfordshire;Plastic Investment;Practical Concrete;pink;2023-07-15T16:55:18;2023-07-15T05:29:38;Coordinator Marketing
6;Loan Direct Assistant;Global array Investment;bluetooth SDD ivory;Chips;back-end;2023-07-15T03:38:19;84149;2023-07-14T18:39:18;Wooden;Solutions RSS;Rwanda olive;../fake-data/blob/hipster.txt;../fake-data/blob/hipster.txt;../fake-data/blob/hipster.txt;../fake-data/blob/hipster.txt;Kids Tasty;bluetooth infrastructure;end-to-end purple Investor;e-services Island;cross-platform Loan;Orchestrator;2023-07-15T02:11:47;2023-07-15T00:23:10;salmon Awesome
7;Palau Practical strategic;SMS turquoise;hack Cross-group;Director e-business;Agent ROI;2023-07-14T19:47:09;58227;2023-07-15T08:43:48;microchip Beauty Open-source;Regional Pizza Chicken;Jewelery exuding Cloned;../fake-data/blob/hipster.txt;../fake-data/blob/hipster.txt;../fake-data/blob/hipster.txt;../fake-data/blob/hipster.txt;Namibia SSL lime;multi-byte;evolve;RAM 4th generate;grey Buckinghamshire;Assurance card;2023-07-14T19:27:21;2023-07-15T11:47:36;panel neural
8;Guadeloupe;Pizza Licensed;payment Kids calculate;bypass Creative bricks-and-clicks;matrices;2023-07-15T05:57:24;67078;2023-07-15T03:01:47;bypassing index;Fort;B2B;../fake-data/blob/hipster.txt;../fake-data/blob/hipster.txt;../fake-data/blob/hipster.txt;../fake-data/blob/hipster.txt;transmitter Multi-layered;communities;Home Forward sensor;RSS Soft turquoise;Awesome;GB Rubber Versatile;2023-07-15T15:53:20;2023-07-15T17:31:18;exploit Wisconsin
9;neural Handmade quantifying;Industrial Architect Angola;virtual Avon Intelligent;Kentucky International Savings;solutions;2023-07-14T22:46:41;37941;2023-07-15T12:33:01;Fully-configurable quantifying Baby;Movies RAM Flats;Investment morph quantifying;../fake-data/blob/hipster.txt;../fake-data/blob/hipster.txt;../fake-data/blob/hipster.txt;../fake-data/blob/hipster.txt;content Cotton Borders;Intelligent;Focused Station;Verde dynamic utilisation;Balboa;SMS Idaho Road;2023-07-15T02:16:22;2023-07-15T10:05:06;flexibility Profound Home
10;e-enable Islands Indiana;Soap;Wooden circuit;Pennsylvania Focused compress;Marketing Future-proofed Incredible;2023-07-14T21:58:15;65865;2023-07-15T04:20:26;Handcrafted Agent;open-source;copy Analyst Future-proofed;../fake-data/blob/hipster.txt;../fake-data/blob/hipster.txt;../fake-data/blob/hipster.txt;../fake-data/blob/hipster.txt;Ridges Dollar;Regional;Investor;Strategist;Lucia Bedfordshire;compress Computer;2023-07-15T05:21:23;2023-07-14T18:51:59;approach Montana
