id;alert_id;alert_tem_id;alert_type;alert_status;alert_message;alert_date;alert_retries;alert_timestamp;alert_posted_by;alert_posted_date;alert_internal_errorcode;raw_request;raw_response;alert_free_field_1;alert_free_field_2;alert_free_field_3;alert_free_field_4;alert_free_field_5;alert_free_field_6;alert_free_field_7;alert_free_field_8;created_at;updated_at;status
482c95c0-5406-484d-8234-7fa1490226f5;Shirt;Skyway;generate;Club azure Avon;Illinois;2023-07-14T20:18:18;64771;2023-07-15T02:47:59;Music;Overpass Chair;withdrawal;../fake-data/blob/hipster.txt;../fake-data/blob/hipster.txt;../fake-data/blob/hipster.txt;../fake-data/blob/hipster.txt;Handcrafted Tools Computer;Madagascar;Home Marketing;repurpose incentivize;Somoni;Dollar) pixel;2023-07-15T00:49:57;2023-07-14T23:51:13;repurpose
d62eeb65-f6d0-4e8f-87bd-6e437da8e7a2;sensor;Awesome multi-tasking Investment;River Bacon workforce;Czech;SQL Corporate Synergistic;2023-07-14T21:45:07;20736;2023-07-15T07:03:44;Regional Chief;radical Palau rich;Usability Applications schemas;../fake-data/blob/hipster.txt;../fake-data/blob/hipster.txt;../fake-data/blob/hipster.txt;../fake-data/blob/hipster.txt;SMS SMTP;human-resource bypassing Clothing;Netherlands web-enabled;synergies Analyst Fresh;Cliff;Digitized up;2023-07-15T15:08:36;2023-07-15T17:34:15;Nebraska magnetic optical
77c09a53-f11f-4e5c-9ea8-848ade950bf0;Integration;Iowa;incubate;Berkshire;Nevada connecting transmitter;2023-07-15T14:51:38;60321;2023-07-15T17:57:05;primary Tala;Rubber;Quality Martinique haptic;../fake-data/blob/hipster.txt;../fake-data/blob/hipster.txt;../fake-data/blob/hipster.txt;../fake-data/blob/hipster.txt;protocol input Hill;cyan Dakota overriding;bypass Supervisor;Account;Awesome Program Belize;online cyan;2023-07-15T01:10:45;2023-07-14T19:52:07;redundant
52ef9259-53fe-49d0-ade3-dc46d6d76f4c;plug-and-play Corporate;Fish Regional web-enabled;violet;cultivate;Borders;2023-07-15T18:25:55;86693;2023-07-15T14:35:06;deposit Borders Music;reboot online synergize;end-to-end connect;../fake-data/blob/hipster.txt;../fake-data/blob/hipster.txt;../fake-data/blob/hipster.txt;../fake-data/blob/hipster.txt;bypassing white;Fort cross-platform Peso;e-services Alaska;best-of-breed;Right-sized Steel;orchestration Liberia;2023-07-15T17:59:39;2023-07-15T16:20:14;embrace SAS
da55d45b-3911-49ae-b374-769d7c1254ba;orange Loan scalable;Mauritania up Fantastic;Wooden web;Games schemas black;microchip e-business bypass;2023-07-15T10:50:37;74906;2023-07-15T01:24:51;indexing Refined;hack;Mouse Bridge River;../fake-data/blob/hipster.txt;../fake-data/blob/hipster.txt;../fake-data/blob/hipster.txt;../fake-data/blob/hipster.txt;Dynamic Congo;Street;Account Gorgeous;responsive Universal;bypass;scalable Account;2023-07-15T10:47:00;2023-07-15T15:37:02;Account
08213c36-f7b7-486e-a1ff-014c541a4a3f;Health Yen;engage fuchsia;Manager deposit Towels;granular Iceland;connect;2023-07-14T23:41:51;72382;2023-07-15T02:26:43;Steel;silver Tuna Chicken;Greens Bacon;../fake-data/blob/hipster.txt;../fake-data/blob/hipster.txt;../fake-data/blob/hipster.txt;../fake-data/blob/hipster.txt;knowledge matrix;Sweden IB;Engineer open-source Expanded;RAM Islands Shore;Licensed Generic;Cheese;2023-07-15T00:05:00;2023-07-14T20:21:31;Berkshire Grocery Account
32fa0ba2-fd71-40ff-9e42-29618af6bfe5;web wireless;Factors state evolve;help-desk;Web;International;2023-07-15T10:17:21;9001;2023-07-14T20:33:01;matrix;firewall systematic;strategize Sleek empower;../fake-data/blob/hipster.txt;../fake-data/blob/hipster.txt;../fake-data/blob/hipster.txt;../fake-data/blob/hipster.txt;array Spain SAS;National Baby;green;SQL;Delaware Chief;TCP back-end;2023-07-15T00:41:29;2023-07-14T19:07:38;program Loan withdrawal
c8d405d1-88ca-409f-bb29-caab8c0e3e6a;interactive;Cross-group focus Designer;Cambridgeshire benchmark synergize;invoice services haptic;paradigms Salad;2023-07-14T19:10:42;57396;2023-07-15T10:57:31;withdrawal;demand-driven;Berkshire quantify forecast;../fake-data/blob/hipster.txt;../fake-data/blob/hipster.txt;../fake-data/blob/hipster.txt;../fake-data/blob/hipster.txt;Ukraine Creative Strategist;transmit virtual Chad;Associate open-source Ball;input;HTTP Mobility Computer;Lebanon Bedfordshire;2023-07-15T09:02:58;2023-07-15T06:44:02;Chief Investment
af819216-1994-4916-bcf2-50d4827dae75;Poland Credit Account;invoice Rubber;Designer Frozen quantify;B2C initiatives;auxiliary;2023-07-15T14:09:42;11987;2023-07-14T20:01:14;website Sports;function;Generic bandwidth 24/7;../fake-data/blob/hipster.txt;../fake-data/blob/hipster.txt;../fake-data/blob/hipster.txt;../fake-data/blob/hipster.txt;Direct capacitor;orchid Tennessee Ball;Concrete web-readiness state;Manager;multimedia;asynchronous frictionless;2023-07-15T13:41:18;2023-07-15T01:28:16;Brazilian
773014ee-868d-40b9-941e-0e57c7e9945b;strategize Wooden;web-readiness;RAM;bandwidth;Home;2023-07-15T00:05:44;51642;2023-07-15T12:44:32;value-added eyeballs;Market Palau;auxiliary IB compress;../fake-data/blob/hipster.txt;../fake-data/blob/hipster.txt;../fake-data/blob/hipster.txt;../fake-data/blob/hipster.txt;Architect services quantifying;Frozen 24;Credit withdrawal methodology;invoice;time-frame bus Hat;Object-based National Keyboard;2023-07-15T10:25:05;2023-07-15T00:31:01;Cambridgeshire
