id;account_no;txn_date;narrative;amount;txn_id;utility_ref;transaction_id;m_no;txn_type;txn_status_mno;m_n_txn_id;message;notified_status;date_inserted;record_id;final_status;settlement_date;request_xml;response_xml
1;Soft innovate Garden;Rubber;grey bypass Programmable;Robust;scalable Toys Intelligent;bypass Ergonomic;Buckinghamshire;real-time engage;Movies;Lock Garden Frozen;Dominica withdrawal Leone;Consultant invoice;Cambridgeshire;productivity District Borders;mission-critical Concrete;IB withdrawal;wireless;Wisconsin sky SSL;Wyoming silver
2;Director SAS;Paradigm Coordinator Integration;Configuration model;Accounts innovative hacking;Cambridgeshire;bus withdrawal Savings;Pines Concrete ivory;Toys hour;Gorgeous;Gibraltar Reactive;Auto Sports;Automotive transmitter;Fresh;Savings Pennsylvania;tan Front-line;Wyoming Creative;PNG relationships engage;Wooden invoice;Pa'anga
3;Louisiana Salad Bike;Account National contingency;User-centric Tuna Director;Tajikistan;Gorgeous input Rubber;asynchronous Security;Land Account;Administrator Fiji Chips;payment Triple-buffered pink;International;e-business;architecture;District;Directives capability;Metal;state Global Plastic;invoice AGP;mobile Interactions;Buckinghamshire
4;Plastic HTTP;Configuration sky 1080p;proactive front-end;Lake Montenegro;technologies Handcrafted overriding;RSS bus;Rubber Fresh payment;Market Nuevo Thailand;olive Trace;deposit withdrawal;Facilitator;Mouse;forecast;Indiana New;payment Plastic Fresh;Intelligent;copying Intranet;tan SDD;multi-byte Platinum
5;Solutions Bulgaria;Handcrafted pink;throughput Frozen orange;methodology;black;withdrawal Granite;Forward Global Wooden;Plastic Steel Practical;Peru Loan;transitional Account;IB sky;Radial ROI;Associate;impactful Auto Cambridgeshire;indexing Dynamic Regional;COM migration Account;azure generate Coordinator;Shirt;Investment Licensed blue
6;THX Designer;Human JSON;connecting Music;Borders Soap;(Chagos Buckinghamshire bypassing;multi-state Costa;deposit;Card;mobile Anguilla;Legacy compress Vista;vertical Corporate frictionless;deposit Automotive value-added;North;Bedfordshire;ubiquitous Markets Concrete;Leone extranet;Persistent Assistant;Mauritius Rubber;tangible Assistant
7;Incredible;digital;SCSI Team-oriented;parsing application Clothing;parse;initiative Cloned;Division;primary Buckinghamshire Rubber;ability Account;Iranian;Planner Station virtual;back-end;Fort Associate Account;Mobility;Islands, compressing;up;success;moderator Run;ADP
8;Account exuding;Walks Unbranded;matrix;Legacy;web-enabled ROI;Assistant flexibility bifurcated;infomediaries 24/7;Concrete Planner Tactics;extranet monetize fuchsia;Kwacha;hack e-commerce;Drive;Pants bus;Avon deposit Fresh;Plastic York silver;Inlet morph;Martinique Guinea;matrix;Future Checking Product
9;intuitive Harbors;generate Generic Architect;analyzing database Representative;framework alarm;utilisation;Iceland Account;Engineer Executive;Factors;harness Credit Missouri;Intranet;Specialist;quantifying Buckinghamshire;Auto partnerships SDD;Sports Gorgeous Sleek;navigate Jewelery overriding;Ridge input;Lake Pine Pike;static service-desk;RAM Product Customer
10;value-added;ADP Moldova;Loan Card state;Jordanian Cordoba;hack;Specialist;Regional;Fantastic dynamic;drive Tools;static bricks-and-clicks customized;Account Tala reintermediate;Concrete overriding;Michigan;Pizza synergies;Table Granite Hampshire;Pike;Metal Sports;Avon Fundamental;alarm envisioneer Brand
